Salesman,User,Timestamp,Dialogue
Salesman1,User1,2024-06-12 10:00:00,Good morning! I noticed you were looking at our range of smart home devices. How can I assist you today?
User1,User1,2024-06-12 10:01:00,Hi! I'm interested in upgrading my home security system. Can you tell me more about your smart locks?
Salesman1,User1,2024-06-12 10:02:00,"Absolutely! Our smart locks offer top-notch security with features like remote access, real-time alerts, and integration with your existing smart home setup. They are easy to install and highly reliable."
User1,User1,2024-06-12 10:03:00,"That sounds impressive. How do I control them, and are they compatible with voice assistants?"
Salesman1,User1,2024-06-12 10:04:00,"Yes, you can control them via our mobile app or through popular voice assistants like Alexa and Google Assistant. The app lets you lock and unlock doors remotely, manage user access, and receive notifications."
Salesman2,User2,2024-06-12 10:05:00,Hello! I see you're interested in our fitness equipment. What are your fitness goals?
User2,User2,2024-06-12 10:06:00,Hi! I'm looking to set up a home gym. Can you recommend some versatile equipment?
Salesman2,User2,2024-06-12 10:07:00,"Of course! I recommend our all-in-one gym system. It includes weights, resistance bands, and a bench, allowing for a full-body workout. It's perfect for small spaces and offers great versatility."
User2,User2,2024-06-12 10:08:00,That sounds great. What about assembly and maintenance?
Salesman2,User2,2024-06-12 10:09:00,"Assembly is straightforward with our step-by-step guide, and maintenance is minimal. We also offer a one-year warranty and customer support to help with any issues."
Salesman3,User3,2024-06-12 10:10:00,Hi there! I noticed you were exploring our travel packages. Do you have a destination in mind?
User3,User3,2024-06-12 10:11:00,"Hello! Yes, I'm considering a vacation in Europe. What packages do you offer?"
Salesman3,User3,2024-06-12 10:12:00,"We have several exciting European travel packages, including guided tours of Italy, France, and Spain. Each package includes flights, accommodation, and guided tours, ensuring a stress-free and enjoyable experience."
User3,User3,2024-06-12 10:13:00,That sounds wonderful. What are the accommodation options?
Salesman3,User3,2024-06-12 10:14:00,"Our packages offer a range of accommodation options from luxury hotels to charming bed and breakfasts, allowing you to choose based on your preference and budget."
Salesman4,User4,2024-06-12 10:15:00,Good afternoon! I see you're interested in our eco-friendly products. How can I assist you today?
User4,User4,2024-06-12 10:16:00,Hi! I'm looking to reduce my carbon footprint. Can you recommend some sustainable household items?
Salesman4,User4,2024-06-12 10:17:00,"Absolutely! Our eco-friendly range includes reusable kitchen wraps, biodegradable cleaning products, and energy-efficient appliances. These items are designed to help you live a more sustainable lifestyle without compromising on quality."
User4,User4,2024-06-12 10:18:00,That's great to hear. Are these products certified?
Salesman4,User4,2024-06-12 10:19:00,"Yes, all our eco-friendly products are certified by recognized environmental organizations, ensuring they meet high sustainability standards."
Salesman5,User5,2024-06-12 10:20:00,Hello! I noticed you were browsing our latest smartphones. Are you looking for any specific features?
User5,User5,2024-06-12 10:21:00,Hi! I'm in need of a phone with a great camera and long battery life. Can you help?
Salesman5,User5,2024-06-12 10:22:00,"Certainly! Our latest model features a high-resolution camera with multiple lenses for versatile photography. It also boasts a long-lasting battery, capable of enduring a full day of heavy use. Would you like to know more about its other features?"
User5,User5,2024-06-12 10:23:00,That sounds perfect. What about the storage capacity and processing speed?
Salesman5,User5,2024-06-12 10:24:00,Our flagship smartphone comes with 128GB of internal storage and can be expanded with a microSD card. It is powered by a state-of-the-art processor ensuring smooth performance even with demanding applications.
Salesman6,User6,2024-06-12 10:25:00,Good day! I see you're interested in our cooking appliances. Do you need assistance finding something specific?
User6,User6,2024-06-12 10:26:00,Hi! I'm looking for a versatile kitchen appliance that can handle multiple cooking tasks. What do you recommend?
Salesman6,User6,2024-06-12 10:27:00,"Our multifunctional pressure cooker is a great choice. It can be used for pressure cooking, slow cooking, steaming, sautéing, and even baking. It's designed to save you time and effort in the kitchen."
User6,User6,2024-06-12 10:28:00,That sounds exactly like what I need. How user-friendly is it?
Salesman6,User6,2024-06-12 10:29:00,"It's very user-friendly, with an intuitive digital interface and preset cooking programs. You can easily set cooking times and temperatures, and it comes with a detailed user manual to guide you."
Salesman7,User7,2024-06-12 10:30:00,Hi! I noticed you were looking at our electric cars. Are you considering making the switch to an electric vehicle?
User7,User7,2024-06-12 10:31:00,"Hello! Yes, I'm interested in learning more about the benefits of electric cars. Can you provide some details?"
Salesman7,User7,2024-06-12 10:32:00,"Absolutely! Electric cars are environmentally friendly, producing zero emissions. They are also cost-effective in the long run, with lower fuel and maintenance costs. Plus, they offer a smooth and quiet driving experience."
User7,User7,2024-06-12 10:33:00,That's interesting. What about the driving range and charging options?
Salesman7,User7,2024-06-12 10:34:00,Our latest model offers a range of up to 300 miles on a single charge. Charging is convenient with options for home charging stations and access to a wide network of fast-charging stations across the country.
Salesman8,User8,2024-06-12 10:35:00,Hello! I noticed you're browsing our selection of office furniture. Are you looking to furnish a home office or a larger workspace?
User8,User8,2024-06-12 10:36:00,Hi! I'm setting up a home office and need some ergonomic furniture. Can you suggest some options?
Salesman8,User8,2024-06-12 10:37:00,"Of course! Our ergonomic chairs are designed for maximum comfort and support, with adjustable features to fit your body perfectly. We also have standing desks that are height-adjustable, promoting a healthy work posture."
User8,User8,2024-06-12 10:38:00,Those sound great. What about storage solutions?
Salesman8,User8,2024-06-12 10:39:00,"We offer a variety of storage solutions, including compact filing cabinets and modular shelving units that can be customized to fit your space. These help keep your office organized and clutter-free."
Salesman9,User9,2024-06-12 10:40:00,Good morning! I see you're interested in our range of musical instruments. Are you a beginner or an experienced musician?
User9,User9,2024-06-12 10:41:00,Hello! I'm a beginner looking to learn the guitar. What would you recommend for a starter instrument?
Salesman9,User9,2024-06-12 10:42:00,"For beginners, I recommend our acoustic starter pack. It includes a high-quality acoustic guitar, a digital tuner, and instructional materials to help you get started. The guitar is easy to play and perfect for learning the basics."
User9,User9,2024-06-12 10:43:00,That sounds perfect. Is there any after-sale support available?
Salesman9,User9,2024-06-12 10:44:00,"Yes, we offer free online tutorials and a community forum where you can ask questions and get tips from other learners. Plus, our customer support team is always available to assist you with any issues."
Salesman10,User10,2024-06-12 10:45:00,Hi there! I noticed you were looking at our home entertainment systems. Are you planning to upgrade your setup?
User10,User10,2024-06-12 10:46:00,"Hi! Yes, I'm looking to create a home theater experience. Can you recommend a complete system?"
Salesman10,User10,2024-06-12 10:47:00,"Certainly! Our home theater package includes a 4K Ultra HD TV, a surround sound system, and a streaming device. This setup provides a cinematic experience with crystal-clear visuals and immersive audio, perfect for movie nights and gaming."
User10,User10,2024-06-12 10:48:00,That sounds amazing. What about installation and setup?
Salesman10,User10,2024-06-12 10:49:00,"We offer professional installation services to ensure everything is set up correctly. Our technicians will calibrate the audio and video settings for optimal performance, so you can start enjoying your new home theater right away."
Salesman11,User11,2024-06-12 10:50:00,Hello! I noticed you were browsing our latest smartphones. Are you looking for any specific features?
User11,User11,2024-06-12 10:51:00,Hi! I'm in need of a phone with a great camera and long battery life. Can you help?
Salesman11,User11,2024-06-12 10:52:00,"Certainly! Our latest model features a high-resolution camera with multiple lenses for versatile photography. It also boasts a long-lasting battery, capable of enduring a full day of heavy use. Would you like to know more about its other features?"
User11,User11,2024-06-12 10:53:00,That sounds perfect. What about the storage capacity and processing speed?
Salesman11,User11,2024-06-12 10:54:00,Our flagship smartphone comes with 128GB of internal storage and can be expanded with a microSD card. It is powered by a state-of-the-art processor ensuring smooth performance even with demanding applications.
Salesman12,User12,2024-06-12 10:55:00,Good day! I see you're interested in our cooking appliances. Do you need assistance finding something specific?
User12,User12,2024-06-12 10:56:00,Hi! I'm looking for a versatile kitchen appliance that can handle multiple cooking tasks. What do you recommend?
Salesman12,User12,2024-06-12 10:57:00,"Our multifunctional pressure cooker is a great choice. It can be used for pressure cooking, slow cooking, steaming, sautéing, and even baking. It's designed to save you time and effort in the kitchen."
User12,User12,2024-06-12 10:58:00,That sounds exactly like what I need. How user-friendly is it?
Salesman12,User12,2024-06-12 10:59:00,"It's very user-friendly, with an intuitive digital interface and preset cooking programs. You can easily set cooking times and temperatures, and it comes with a detailed user manual to guide you."
Salesman13,User13,2024-06-12 11:00:00,Hi! I noticed you were looking at our electric cars. Are you considering making the switch to an electric vehicle?
User13,User13,2024-06-12 11:01:00,"Hello! Yes, I'm interested in learning more about the benefits of electric cars. Can you provide some details?"
Salesman13,User13,2024-06-12 11:02:00,"Absolutely! Electric cars are environmentally friendly, producing zero emissions. They are also cost-effective in the long run, with lower fuel and maintenance costs. Plus, they offer a smooth and quiet driving experience."
User13,User13,2024-06-12 11:03:00,That's interesting. What about the driving range and charging options?
Salesman13,User13,2024-06-12 11:04:00,Our latest model offers a range of up to 300 miles on a single charge. Charging is convenient with options for home charging stations and access to a wide network of fast-charging stations across the country.
Salesman14,User14,2024-06-12 11:05:00,Hello! I noticed you're browsing our selection of office furniture. Are you looking to furnish a home office or a larger workspace?
User14,User14,2024-06-12 11:06:00,Hi! I'm setting up a home office and need some ergonomic furniture. Can you suggest some options?
Salesman14,User14,2024-06-12 11:07:00,"Of course! Our ergonomic chairs are designed for maximum comfort and support, with adjustable features to fit your body perfectly. We also have standing desks that are height-adjustable, promoting a healthy work posture."
User14,User14,2024-06-12 11:08:00,Those sound great. What about storage solutions?
Salesman14,User14,2024-06-12 11:09:00,"We offer a variety of storage solutions, including compact filing cabinets and modular shelving units that can be customized to fit your space. These help keep your office organized and clutter-free."
Salesman15,User15,2024-06-12 11:10:00,Good morning! I see you're interested in our range of musical instruments. Are you a beginner or an experienced musician?
User15,User15,2024-06-12 11:11:00,Hello! I'm a beginner looking to learn the guitar. What would you recommend for a starter instrument?
Salesman15,User15,2024-06-12 11:12:00,"For beginners, I recommend our acoustic starter pack. It includes a high-quality acoustic guitar, a digital tuner, and instructional materials to help you get started. The guitar is easy to play and perfect for learning the basics."
User15,User15,2024-06-12 11:13:00,That sounds perfect. Is there any after-sale support available?
Salesman15,User15,2024-06-12 11:14:00,"Yes, we offer free online tutorials and a community forum where you can ask questions and get tips from other learners. Plus, our customer support team is always available to assist you with any issues."
Salesman16,User16,2024-06-12 11:15:00,Hi there! I noticed you were looking at our home entertainment systems. Are you planning to upgrade your setup?
User16,User16,2024-06-12 11:16:00,"Hi! Yes, I'm looking to create a home theater experience. Can you recommend a complete system?"
Salesman16,User16,2024-06-12 11:17:00,"Certainly! Our home theater package includes a 4K Ultra HD TV, a surround sound system, and a streaming device. This setup provides a cinematic experience with crystal-clear visuals and immersive audio, perfect for movie nights and gaming."
User16,User16,2024-06-12 11:18:00,That sounds amazing. What about installation and setup?
Salesman16,User16,2024-06-12 11:19:00,"We offer professional installation services to ensure everything is set up correctly. Our technicians will calibrate the audio and video settings for optimal performance, so you can start enjoying your new home theater right away."
Salesman17,User17,2024-06-12 11:20:00,Good afternoon! I see you're interested in our outdoor furniture. Do you need help choosing the right pieces for your space?
User17,User17,2024-06-12 11:21:00,"Hi! Yes, I'm looking to furnish my patio. What would you recommend for a stylish and durable setup?"
Salesman17,User17,2024-06-12 11:22:00,"Our outdoor furniture sets are perfect for creating a stylish and comfortable patio area. We offer a variety of materials, including weather-resistant wicker and sturdy aluminum frames, designed to withstand the elements and last for years."
User17,User17,2024-06-12 11:23:00,That sounds great. What about maintenance?
Salesman17,User17,2024-06-12 11:24:00,"Our outdoor furniture is designed for low maintenance. Most pieces can be easily cleaned with soap and water, and we offer protective covers to keep them in good condition when not in use."
Salesman18,User18,2024-06-12 11:25:00,Hello! I noticed you're browsing our collection of children's toys. Are you looking for anything specific?
User18,User18,2024-06-12 11:26:00,Hi! I'm looking for educational toys for my toddler. Can you recommend something engaging and safe?
Salesman18,User18,2024-06-12 11:27:00,"Of course! Our range of educational toys includes interactive learning games, building blocks, and puzzles. These toys are designed to promote cognitive development and creativity while being made from non-toxic, child-safe materials."
User18,User18,2024-06-12 11:28:00,Those sound perfect. Do they come with any warranties?
Salesman18,User18,2024-06-12 11:29:00,"Yes, all our educational toys come with a one-year warranty. Additionally, we provide detailed guides for parents to help them make the most out of these learning tools."
Salesman19,User19,2024-06-12 11:30:00,Hi! I noticed you were looking at our fitness trackers. Are you interested in tracking specific activities or health metrics?
User19,User19,2024-06-12 11:31:00,"Hello! Yes, I'm looking for a tracker that can monitor my daily steps, heart rate, and sleep patterns. Can you help?"
Salesman19,User19,2024-06-12 11:32:00,"Definitely! Our latest fitness tracker offers comprehensive health monitoring, including step counting, heart rate tracking, and detailed sleep analysis. It also has a long battery life and is water-resistant, making it perfect for all-day wear."
User19,User19,2024-06-12 11:33:00,That sounds exactly like what I need. How user-friendly is it?
Salesman19,User19,2024-06-12 11:34:00,The tracker is very user-friendly with an intuitive touchscreen interface and a companion app that provides in-depth insights and personalized recommendations to help you stay on top of your fitness goals.
Salesman20,User20,2024-06-12 11:35:00,Good day! I see you're interested in our range of gardening tools. Are you a seasoned gardener or just starting out?
User20,User20,2024-06-12 11:36:00,Hi! I'm a beginner looking to start a small vegetable garden. What tools would you recommend?
Salesman20,User20,2024-06-12 11:37:00,"For beginners, our gardening starter kit is perfect. It includes essential tools like a trowel, pruners, and a watering can. The tools are durable and easy to use, making gardening enjoyable and straightforward."
User20,User20,2024-06-12 11:38:00,That sounds great. Do you offer any guides or tips for beginners?
Salesman20,User20,2024-06-12 11:39:00,"Yes, we provide a comprehensive gardening guide with tips and tricks for growing vegetables. Additionally, we offer online resources and community forums where you can connect with other gardeners and share your experiences."
Salesman21,User21,2024-06-12 11:40:00,Hi! I noticed you're interested in our line of skincare products. What kind of skin concerns are you looking to address?
User21,User21,2024-06-12 11:41:00,Hello! I have sensitive skin and I'm looking for a gentle daily moisturizer. Can you recommend something?
Salesman21,User21,2024-06-12 11:42:00,Certainly! Our sensitive skin moisturizer is formulated with soothing ingredients like aloe vera and chamomile. It provides hydration without irritation and is free from harsh chemicals and fragrances.
User21,User21,2024-06-12 11:43:00,That sounds perfect. Is it suitable for all skin types?
Salesman21,User21,2024-06-12 11:44:00,"Yes, it's designed to be gentle on all skin types, especially sensitive skin. It's dermatologically tested and approved, ensuring safety and effectiveness."
Salesman22,User22,2024-06-12 11:45:00,Hello! I see you're browsing our pet supplies. Do you have any specific needs for your pet?
User22,User22,2024-06-12 11:46:00,Hi! I'm looking for high-quality dog food that's suitable for a senior dog. Any recommendations?
Salesman22,User22,2024-06-12 11:47:00,Absolutely! Our senior dog food range is formulated with easy-to-digest ingredients and added nutrients to support joint health and overall vitality. It's made with natural ingredients and no artificial preservatives.
User22,User22,2024-06-12 11:48:00,That sounds great. What flavors are available?
Salesman22,User22,2024-06-12 11:49:00,"We offer a variety of flavors like chicken, beef, and salmon, all designed to be palatable and nutritious for older dogs."
Salesman23,User23,2024-06-12 11:50:00,Good day! I noticed you were looking at our range of laptops. Are you looking for something specific?
User23,User23,2024-06-12 11:51:00,Hi! I need a laptop for both work and gaming. Do you have any recommendations?
Salesman23,User23,2024-06-12 11:52:00,"Definitely! Our high-performance laptop series is perfect for both work and play. It features a powerful processor, ample RAM, and a dedicated graphics card to handle gaming and productivity tasks seamlessly."
User23,User23,2024-06-12 11:53:00,That sounds ideal. What about battery life and portability?
Salesman23,User23,2024-06-12 11:54:00,"It offers up to 10 hours of battery life and is lightweight, making it easy to carry around for work and gaming on the go."
Salesman24,User24,2024-06-12 11:55:00,Hello! I see you're interested in our home improvement tools. Are you planning a specific project?
User24,User24,2024-06-12 11:56:00,"Hi! Yes, I'm planning to renovate my kitchen. Can you suggest some must-have tools?"
Salesman24,User24,2024-06-12 11:57:00,"Of course! Our renovation toolkit includes a power drill, a multi-tool, and a set of precision screwdrivers. These tools are essential for any kitchen renovation and will help you get the job done efficiently."
User24,User24,2024-06-12 11:58:00,That sounds perfect. Do you offer any guides or tutorials?
Salesman24,User24,2024-06-12 11:59:00,"Yes, we provide detailed guides and online video tutorials to help you with your renovation project, ensuring you have all the information you need."
Salesman25,User25,2024-06-12 12:00:00,Good morning! I see you're looking at our winter apparel. How can I help you today?
User25,User25,2024-06-12 12:01:00,Hi! I'm looking for a warm and stylish winter coat. Can you recommend something?
Salesman25,User25,2024-06-12 12:02:00,"Certainly! Our premium winter coat collection offers warmth without compromising on style. These coats are insulated with high-quality down and feature water-resistant exteriors, perfect for staying warm and dry in winter weather."
User25,User25,2024-06-12 12:03:00,That sounds great. What sizes are available?
Salesman25,User25,2024-06-12 12:04:00,We offer a wide range of sizes from XS to XXL to ensure a perfect fit for everyone. Our coats also come with adjustable features for added comfort.
Salesman26,User26,2024-06-12 12:05:00,Hello! I noticed you were browsing our kitchen gadgets. Are you looking for anything specific?
User26,User26,2024-06-12 12:06:00,Hi! I'm in search of a versatile blender for smoothies and soups. Do you have any recommendations?
Salesman26,User26,2024-06-12 12:07:00,"Absolutely! Our high-performance blender is perfect for smoothies, soups, and more. It features multiple speed settings and a powerful motor to blend ingredients to the perfect consistency every time."
User26,User26,2024-06-12 12:08:00,That sounds exactly like what I need. Is it easy to clean?
Salesman26,User26,2024-06-12 12:09:00,"Yes, the blender comes with dishwasher-safe parts and a self-cleaning mode, making cleanup quick and hassle-free."
Salesman27,User27,2024-06-12 12:10:00,Hi there! I see you're interested in our sports equipment. Are you looking for something specific?
User27,User27,2024-06-12 12:11:00,Hello! I'm looking to get into yoga. Can you recommend a good starter kit?
Salesman27,User27,2024-06-12 12:12:00,"Of course! Our yoga starter kit includes a high-quality mat, blocks, and a strap. These essentials will help you get started with your practice, whether you're a beginner or looking to enhance your existing routine."
User27,User27,2024-06-12 12:13:00,That sounds great. What about instructional materials?
Salesman27,User27,2024-06-12 12:14:00,"We provide a comprehensive guide with beginner-friendly poses and routines, as well as access to online video classes to help you get the most out of your practice."
Salesman28,User28,2024-06-12 12:15:00,Good afternoon! I see you're looking at our range of cameras. Are you an amateur photographer or a professional?
User28,User28,2024-06-12 12:16:00,Hi! I'm an amateur looking to take better photos. Can you recommend a good beginner camera?
Salesman28,User28,2024-06-12 12:17:00,"Absolutely! Our beginner-friendly DSLR camera is perfect for amateurs. It features an easy-to-use interface, interchangeable lenses, and built-in tutorials to help you learn the basics of photography."
User28,User28,2024-06-12 12:18:00,That sounds perfect. Does it come with any accessories?
Salesman28,User28,2024-06-12 12:19:00,"Yes, the camera kit includes a standard lens, a carrying case, and a memory card. We also offer additional accessories like tripods and extra lenses for more advanced photography."
Salesman29,User29,2024-06-12 12:20:00,Hello! I noticed you were browsing our baby products. Are you looking for anything specific for your little one?
User29,User29,2024-06-12 12:21:00,Hi! I'm looking for a safe and comfortable crib. Do you have any recommendations?
Salesman29,User29,2024-06-12 12:22:00,"Certainly! Our cribs are designed with safety and comfort in mind. They feature adjustable mattress heights, sturdy construction, and non-toxic finishes to ensure a safe sleeping environment for your baby."
User29,User29,2024-06-12 12:23:00,That sounds perfect. What about assembly?
Salesman29,User29,2024-06-12 12:24:00,Our cribs are easy to assemble with clear instructions and all necessary tools included. We also offer customer support to help with any assembly questions.
Salesman30,User30,2024-06-12 12:25:00,Good day! I see you're interested in our range of bicycles. Are you looking for a specific type?
User30,User30,2024-06-12 12:26:00,Hi! I'm looking for a reliable mountain bike for trail riding. Can you recommend something?
Salesman30,User30,2024-06-12 12:27:00,"Definitely! Our mountain bikes are designed for durability and performance on rough trails. They feature sturdy frames, advanced suspension systems, and all-terrain tires to handle any trail conditions."
User30,User30,2024-06-12 12:28:00,That sounds exactly like what I need. What sizes are available?
Salesman30,User30,2024-06-12 12:29:00,We offer a range of sizes to fit riders of all heights. Our bikes also come with adjustable seats and handlebars for a customized fit.
Salesman31,User31,2024-06-12 12:30:00,Hi! I noticed you're interested in our line of skincare products. What kind of skin concerns are you looking to address?
User31,User31,2024-06-12 12:31:00,Hello! I have sensitive skin and I'm looking for a gentle daily moisturizer. Can you recommend something?
Salesman31,User31,2024-06-12 12:32:00,Certainly! Our sensitive skin moisturizer is formulated with soothing ingredients like aloe vera and chamomile. It provides hydration without irritation and is free from harsh chemicals and fragrances.
User31,User31,2024-06-12 12:33:00,That sounds perfect. Is it suitable for all skin types?
Salesman31,User31,2024-06-12 12:34:00,"Yes, it's designed to be gentle on all skin types, especially sensitive skin. It's dermatologically tested and approved, ensuring safety and effectiveness."
Salesman32,User32,2024-06-12 12:35:00,Hello! I see you're browsing our pet supplies. Do you have any specific needs for your pet?
User32,User32,2024-06-12 12:36:00,Hi! I'm looking for high-quality dog food that's suitable for a senior dog. Any recommendations?
Salesman32,User32,2024-06-12 12:37:00,Absolutely! Our senior dog food range is formulated with easy-to-digest ingredients and added nutrients to support joint health and overall vitality. It's made with natural ingredients and no artificial preservatives.
User32,User32,2024-06-12 12:38:00,That sounds great. What flavors are available?
Salesman32,User32,2024-06-12 12:39:00,"We offer a variety of flavors like chicken, beef, and salmon, all designed to be palatable and nutritious for older dogs."
Salesman33,User33,2024-06-12 12:40:00,Good day! I noticed you were looking at our range of laptops. Are you looking for something specific?
User33,User33,2024-06-12 12:41:00,Hi! I need a laptop for both work and gaming. Do you have any recommendations?
Salesman33,User33,2024-06-12 12:42:00,"Definitely! Our high-performance laptop series is perfect for both work and play. It features a powerful processor, ample RAM, and a dedicated graphics card to handle gaming and productivity tasks seamlessly."
User33,User33,2024-06-12 12:43:00,That sounds ideal. What about battery life and portability?
Salesman33,User33,2024-06-12 12:44:00,"It offers up to 10 hours of battery life and is lightweight, making it easy to carry around for work and gaming on the go."
Salesman34,User34,2024-06-12 12:45:00,Hello! I see you're interested in our home improvement tools. Are you planning a specific project?
User34,User34,2024-06-12 12:46:00,"Hi! Yes, I'm planning to renovate my kitchen. Can you suggest some must-have tools?"
Salesman34,User34,2024-06-12 12:47:00,"Of course! Our renovation toolkit includes a power drill, a multi-tool, and a set of precision screwdrivers. These tools are essential for any kitchen renovation and will help you get the job done efficiently."
User34,User34,2024-06-12 12:48:00,That sounds perfect. Do you offer any guides or tutorials?
Salesman34,User34,2024-06-12 12:49:00,"Yes, we provide detailed guides and online video tutorials to help you with your renovation project, ensuring you have all the information you need."
Salesman35,User35,2024-06-12 12:50:00,Good morning! I see you're looking at our winter apparel. How can I help you today?
User35,User35,2024-06-12 12:51:00,Hi! I'm looking for a warm and stylish winter coat. Can you recommend something?
Salesman35,User35,2024-06-12 12:52:00,"Certainly! Our premium winter coat collection offers warmth without compromising on style. These coats are insulated with high-quality down and feature water-resistant exteriors, perfect for staying warm and dry in winter weather."
User35,User35,2024-06-12 12:53:00,That sounds great. What sizes are available?
Salesman35,User35,2024-06-12 12:54:00,We offer a wide range of sizes from XS to XXL to ensure a perfect fit for everyone. Our coats also come with adjustable features for added comfort.
Salesman36,User36,2024-06-12 12:55:00,Hello! I noticed you were browsing our kitchen gadgets. Are you looking for anything specific?
User36,User36,2024-06-12 12:56:00,Hi! I'm in search of a versatile blender for smoothies and soups. Do you have any recommendations?
Salesman36,User36,2024-06-12 12:57:00,"Absolutely! Our high-performance blender is perfect for smoothies, soups, and more. It features multiple speed settings and a powerful motor to blend ingredients to the perfect consistency every time."
User36,User36,2024-06-12 12:58:00,That sounds exactly like what I need. Is it easy to clean?
Salesman36,User36,2024-06-12 12:59:00,"Yes, the blender comes with dishwasher-safe parts and a self-cleaning mode, making cleanup quick and hassle-free."
Salesman37,User37,2024-06-12 13:00:00,Hi there! I see you're interested in our sports equipment. Are you looking for something specific?
User37,User37,2024-06-12 13:01:00,Hello! I'm looking to get into yoga. Can you recommend a good starter kit?
Salesman37,User37,2024-06-12 13:02:00,"Of course! Our yoga starter kit includes a high-quality mat, blocks, and a strap. These essentials will help you get started with your practice, whether you're a beginner or looking to enhance your existing routine."
User37,User37,2024-06-12 13:03:00,That sounds great. What about instructional materials?
Salesman37,User37,2024-06-12 13:04:00,"We provide a comprehensive guide with beginner-friendly poses and routines, as well as access to online video classes to help you get the most out of your practice."
Salesman38,User38,2024-06-12 13:05:00,Good afternoon! I see you're looking at our range of cameras. Are you an amateur photographer or a professional?
User38,User38,2024-06-12 13:06:00,Hi! I'm an amateur looking to take better photos. Can you recommend a good beginner camera?
Salesman38,User38,2024-06-12 13:07:00,"Absolutely! Our beginner-friendly DSLR camera is perfect for amateurs. It features an easy-to-use interface, interchangeable lenses, and built-in tutorials to help you learn the basics of photography."
User38,User38,2024-06-12 13:08:00,That sounds perfect. Does it come with any accessories?
Salesman38,User38,2024-06-12 13:09:00,"Yes, the camera kit includes a standard lens, a carrying case, and a memory card. We also offer additional accessories like tripods and extra lenses for more advanced photography."
Salesman39,User39,2024-06-12 13:10:00,Hello! I noticed you were browsing our baby products. Are you looking for anything specific for your little one?
User39,User39,2024-06-12 13:11:00,Hi! I'm looking for a safe and comfortable crib. Do you have any recommendations?
Salesman39,User39,2024-06-12 13:12:00,"Certainly! Our cribs are designed with safety and comfort in mind. They feature adjustable mattress heights, sturdy construction, and non-toxic finishes to ensure a safe sleeping environment for your baby."
User39,User39,2024-06-12 13:13:00,That sounds perfect. What about assembly?
Salesman39,User39,2024-06-12 13:14:00,Our cribs are easy to assemble with clear instructions and all necessary tools included. We also offer customer support to help with any assembly questions.
Salesman40,User40,2024-06-12 13:15:00,Good day! I see you're interested in our range of bicycles. Are you looking for a specific type?
User40,User40,2024-06-12 13:16:00,Hi! I'm looking for a reliable mountain bike for trail riding. Can you recommend something?
Salesman40,User40,2024-06-12 13:17:00,"Definitely! Our mountain bikes are designed for durability and performance on rough trails. They feature sturdy frames, advanced suspension systems, and all-terrain tires to handle any trail conditions."
User40,User40,2024-06-12 13:18:00,That sounds exactly like what I need. What sizes are available?
Salesman40,User40,2024-06-12 13:19:00,We offer a range of sizes to fit riders of all heights. Our bikes also come with adjustable seats and handlebars for a customized fit.
Salesman41,User41,2024-06-12 13:20:00,Good morning! I noticed you were looking at our range of smart home devices. How can I assist you today?
User41,User41,2024-06-12 13:21:00,Hi! I'm interested in upgrading my home security system. Can you tell me more about your smart locks?
Salesman41,User41,2024-06-12 13:22:00,"Absolutely! Our smart locks offer top-notch security with features like remote access, real-time alerts, and integration with your existing smart home setup. They are easy to install and highly reliable."
User41,User41,2024-06-12 13:23:00,"That sounds impressive. How do I control them, and are they compatible with voice assistants?"
Salesman41,User41,2024-06-12 13:24:00,"Yes, you can control them via our mobile app or through popular voice assistants like Alexa and Google Assistant. The app lets you lock and unlock doors remotely, manage user access, and receive notifications."
Salesman42,User42,2024-06-12 13:25:00,Hello! I see you're interested in our fitness equipment. What are your fitness goals?
User42,User42,2024-06-12 13:26:00,Hi! I'm looking to set up a home gym. Can you recommend some versatile equipment?
Salesman42,User42,2024-06-12 13:27:00,"Of course! I recommend our all-in-one gym system. It includes weights, resistance bands, and a bench, allowing for a full-body workout. It's perfect for small spaces and offers great versatility."
User42,User42,2024-06-12 13:28:00,That sounds great. What about assembly and maintenance?
Salesman42,User42,2024-06-12 13:29:00,"Assembly is straightforward with our step-by-step guide, and maintenance is minimal. We also offer a one-year warranty and customer support to help with any issues."
Salesman43,User43,2024-06-12 13:30:00,Hi there! I noticed you were exploring our travel packages. Do you have a destination in mind?
User43,User43,2024-06-12 13:31:00,"Hello! Yes, I'm considering a vacation in Europe. What packages do you offer?"
Salesman43,User43,2024-06-12 13:32:00,"We have several exciting European travel packages, including guided tours of Italy, France, and Spain. Each package includes flights, accommodation, and guided tours, ensuring a stress-free and enjoyable experience."
User43,User43,2024-06-12 13:33:00,That sounds wonderful. What are the accommodation options?
Salesman43,User43,2024-06-12 13:34:00,"Our packages offer a range of accommodation options from luxury hotels to charming bed and breakfasts, allowing you to choose based on your preference and budget."
Salesman44,User44,2024-06-12 13:35:00,Good afternoon! I see you're interested in our eco-friendly products. How can I assist you today?
User44,User44,2024-06-12 13:36:00,Hi! I'm looking to reduce my carbon footprint. Can you recommend some sustainable household items?
Salesman44,User44,2024-06-12 13:37:00,"Absolutely! Our eco-friendly range includes reusable kitchen wraps, biodegradable cleaning products, and energy-efficient appliances. These items are designed to help you live a more sustainable lifestyle without compromising on quality."
User44,User44,2024-06-12 13:38:00,That's great to hear. Are these products certified?
Salesman44,User44,2024-06-12 13:39:00,"Yes, all our eco-friendly products are certified by recognized environmental organizations, ensuring they meet high sustainability standards."
Salesman45,User45,2024-06-12 13:40:00,Hello! I noticed you were browsing our latest smartphones. Are you looking for any specific features?
User45,User45,2024-06-12 13:41:00,Hi! I'm in need of a phone with a great camera and long battery life. Can you help?
Salesman45,User45,2024-06-12 13:42:00,"Certainly! Our latest model features a high-resolution camera with multiple lenses for versatile photography. It also boasts a long-lasting battery, capable of enduring a full day of heavy use. Would you like to know more about its other features?"
User45,User45,2024-06-12 13:43:00,That sounds perfect. What about the storage capacity and processing speed?
Salesman45,User45,2024-06-12 13:44:00,Our flagship smartphone comes with 128GB of internal storage and can be expanded with a microSD card. It is powered by a state-of-the-art processor ensuring smooth performance even with demanding applications.
Salesman46,User46,2024-06-12 13:45:00,Good day! I see you're interested in our cooking appliances. Do you need assistance finding something specific?
User46,User46,2024-06-12 13:46:00,Hi! I'm looking for a versatile kitchen appliance that can handle multiple cooking tasks. What do you recommend?
Salesman46,User46,2024-06-12 13:47:00,"Our multifunctional pressure cooker is a great choice. It can be used for pressure cooking, slow cooking, steaming, sautéing, and even baking. It's designed to save you time and effort in the kitchen."
User46,User46,2024-06-12 13:48:00,That sounds exactly like what I need. How user-friendly is it?
Salesman46,User46,2024-06-12 13:49:00,"It's very user-friendly, with an intuitive digital interface and preset cooking programs. You can easily set cooking times and temperatures, and it comes with a detailed user manual to guide you."
Salesman47,User47,2024-06-12 13:50:00,Hi! I noticed you were looking at our electric cars. Are you considering making the switch to an electric vehicle?
User47,User47,2024-06-12 13:51:00,"Hello! Yes, I'm interested in learning more about the benefits of electric cars. Can you provide some details?"
Salesman47,User47,2024-06-12 13:52:00,"Absolutely! Electric cars are environmentally friendly, producing zero emissions. They are also cost-effective in the long run, with lower fuel and maintenance costs. Plus, they offer a smooth and quiet driving experience."
User47,User47,2024-06-12 13:53:00,That's interesting. What about the driving range and charging options?
Salesman47,User47,2024-06-12 13:54:00,Our latest model offers a range of up to 300 miles on a single charge. Charging is convenient with options for home charging stations and access to a wide network of fast-charging stations across the country.
Salesman48,User48,2024-06-12 13:55:00,Hello! I noticed you're browsing our selection of office furniture. Are you looking to furnish a home office or a larger workspace?
User48,User48,2024-06-12 13:56:00,Hi! I'm setting up a home office and need some ergonomic furniture. Can you suggest some options?
Salesman48,User48,2024-06-12 13:57:00,"Of course! Our ergonomic chairs are designed for maximum comfort and support, with adjustable features to fit your body perfectly. We also have standing desks that are height-adjustable, promoting a healthy work posture."
User48,User48,2024-06-12 13:58:00,Those sound great. What about storage solutions?
Salesman48,User48,2024-06-12 13:59:00,"We offer a variety of storage solutions, including compact filing cabinets and modular shelving units that can be customized to fit your space. These help keep your office organized and clutter-free."
Salesman49,User49,2024-06-12 14:00:00,Good morning! I see you're interested in our range of musical instruments. Are you a beginner or an experienced musician?
User49,User49,2024-06-12 14:01:00,Hello! I'm a beginner looking to learn the guitar. What would you recommend for a starter instrument?
Salesman49,User49,2024-06-12 14:02:00,"For beginners, I recommend our acoustic starter pack. It includes a high-quality acoustic guitar, a digital tuner, and instructional materials to help you get started. The guitar is easy to play and perfect for learning the basics."
User49,User49,2024-06-12 14:03:00,That sounds perfect. Is there any after-sale support available?
Salesman49,User49,2024-06-12 14:04:00,"Yes, we offer free online tutorials and a community forum where you can ask questions and get tips from other learners. Plus, our customer support team is always available to assist you with any issues."
Salesman50,User50,2024-06-12 14:05:00,Hello! I noticed you were browsing our garden supplies. Are you planning to enhance your outdoor space?
User50,User50,2024-06-12 14:06:00,"Hi! Yes, I want to create a beautiful garden. What gardening tools and plants do you recommend?"
Salesman50,User50,2024-06-12 14:07:00,"We have a wide range of gardening tools including shovels, pruners, and watering cans. For plants, we offer a variety of flowers, shrubs, and herbs suitable for your garden."
User50,User50,2024-06-12 14:08:00,That sounds wonderful. Can you provide tips on soil preparation and plant care?
Salesman50,User50,2024-06-12 14:09:00,"Certainly! We can provide guidance on soil testing, fertilization, watering schedules, and pest control to help your garden thrive."
Salesman51,User51,2024-06-12 14:10:00,Hi there! I noticed you were exploring our wellness products. Are you focusing on self-care?
User51,User51,2024-06-12 14:11:00,"Hello! Yes, I'm interested in wellness products for relaxation and mindfulness. What do you recommend?"
Salesman51,User51,2024-06-12 14:12:00,"We offer a range of wellness products including aromatherapy diffusers, essential oils, and meditation guides. These products can help promote relaxation, reduce stress, and enhance overall well-being."
User51,User51,2024-06-12 14:13:00,That's exactly what I need. Do you have any wellness workshops or online resources?
Salesman51,User51,2024-06-12 14:14:00,"Yes, we host wellness workshops and provide online resources such as guided meditation sessions and wellness tips to support your journey towards a healthier lifestyle."
Salesman52,User52,2024-06-12 14:15:00,Good afternoon! I see you're interested in our pet grooming supplies. Do you groom your pets at home?
User52,User52,2024-06-12 14:16:00,"Hi! Yes, I groom my pets regularly. Can you recommend grooming tools and products?"
Salesman52,User52,2024-06-12 14:17:00,"We have a variety of pet grooming supplies including brushes, shampoos, and nail clippers. Our products are gentle, effective, and suitable for different types of pets."
User52,User52,2024-06-12 14:18:00,That's helpful. Do you offer grooming tips for different breeds?
Salesman52,User52,2024-06-12 14:19:00,"Yes, we provide grooming tips and guides tailored to specific breeds to ensure your pets look and feel their best."
Salesman53,User53,2024-06-12 14:20:00,Hello! I noticed you were looking at our kitchen appliances. Are you passionate about cooking?
User53,User53,2024-06-12 14:21:00,"Hi! Yes, I love cooking and experimenting with new recipes. What kitchen appliances do you recommend?"
Salesman53,User53,2024-06-12 14:22:00,"We have a range of kitchen appliances including blenders, food processors, and stand mixers. These appliances can help you prepare delicious meals with ease."
User53,User53,2024-06-12 14:23:00,That's great. Do you offer cooking classes or recipe books?
Salesman53,User53,2024-06-12 14:24:00,"Yes, we offer cooking classes conducted by professional chefs and provide recipe books with diverse culinary ideas to inspire your cooking journey."
Salesman54,User54,2024-06-12 14:25:00,Hi! I noticed you were exploring our tech gadgets. Are you a tech enthusiast?
User54,User54,2024-06-12 14:26:00,"Hello! Yes, I love exploring new tech gadgets and innovations. What are your top recommendations?"
Salesman54,User54,2024-06-12 14:27:00,"We have the latest tech gadgets including smartwatches, wireless earbuds, and virtual reality headsets. These gadgets can enhance your productivity, entertainment, and connectivity."
User54,User54,2024-06-12 14:28:00,That sounds exciting. Do you offer tech demos or product comparisons?
Salesman54,User54,2024-06-12 14:29:00,"Yes, we provide tech demos to showcase product features and offer comparisons to help you make informed decisions about your tech purchases."
Salesman55,User55,2024-06-12 14:30:00,Good day! I see you're interested in our skincare products. Are you looking for a skincare routine?
User55,User55,2024-06-12 14:31:00,"Hello! Yes, I want to establish a skincare routine for healthy skin. What skincare products do you suggest?"
Salesman55,User55,2024-06-12 14:32:00,"We offer a range of skincare products including cleansers, moisturizers, and serums tailored to different skin types. Our products are formulated with natural ingredients and dermatologist-approved."
User55,User55,2024-06-12 14:33:00,That's reassuring. Can you provide skincare tips for maintaining youthful skin?
Salesman55,User55,2024-06-12 14:34:00,"Certainly! We can provide skincare tips such as proper cleansing techniques, sun protection, and the use of anti-aging products to maintain a youthful and radiant complexion."
Salesman56,User56,2024-06-12 14:35:00,Hello! I noticed you were browsing our book collection. Are you an avid reader?
User56,User56,2024-06-12 14:36:00,"Hi! Yes, I love reading and discovering new books. What genres or authors do you enjoy?"
Salesman56,User56,2024-06-12 14:37:00,"We have a diverse collection of books including fiction, non-fiction, self-help, and bestsellers from renowned authors. Whether you're looking for a gripping novel or insightful literature, we have something for every reader."
User56,User56,2024-06-12 14:38:00,That's fantastic. Do you organize book clubs or author events?
Salesman56,User56,2024-06-12 14:39:00,"Yes, we organize book clubs where readers can discuss their favorite books and authors. We also host author events and book signings to connect readers with literary talents."
Salesman57,User57,2024-06-12 14:40:00,Hi there! I noticed you were looking at our home security systems. Are you focused on enhancing your home's safety?
User57,User57,2024-06-12 14:41:00,"Hello! Yes, I want to improve my home security. What security solutions do you offer?"
Salesman57,User57,2024-06-12 14:42:00,"We provide comprehensive home security systems including surveillance cameras, motion sensors, and alarm systems. Our systems are designed to deter intruders and protect your property."
User57,User57,2024-06-12 14:43:00,That's reassuring. Do you offer security consultations or home assessments?
Salesman57,User57,2024-06-12 14:44:00,"Yes, we offer security consultations to assess your home's security needs and recommend customized solutions for optimal protection."
Salesman58,User58,2024-06-12 14:45:00,Good morning! I see you're interested in our art supplies. Are you an artist or exploring a new hobby?
User58,User58,2024-06-12 14:46:00,Hi! I'm an aspiring artist looking for quality art supplies. What art materials do you recommend?
Salesman58,User58,2024-06-12 14:47:00,"We offer a wide range of art supplies including paints, brushes, canvases, and drawing tools. Our products are artist-grade and suitable for various artistic techniques."
User58,User58,2024-06-12 14:48:00,That's great. Do you provide art workshops or tutorials?
Salesman58,User58,2024-06-12 14:49:00,"Yes, we provide art workshops conducted by experienced artists and offer tutorials to help you refine your artistic skills and unleash your creativity."
Salesman59,User59,2024-06-12 14:50:00,Hello! I noticed you were exploring our outdoor furniture. Are you looking to upgrade your patio or garden?
User59,User59,2024-06-12 14:51:00,"Hi! Yes, I want to create a cozy outdoor space. What outdoor furniture options do you recommend?"
Salesman59,User59,2024-06-12 14:52:00,"We have a variety of outdoor furniture including patio sets, lounge chairs, and dining tables. Our furniture is durable, weather-resistant, and stylish."
User59,User59,2024-06-12 14:53:00,That's great. Do you offer customization or design services for outdoor spaces?
Salesman59,User59,2024-06-12 14:54:00,"Yes, we offer customization options and design services to help you create a personalized outdoor oasis that suits your style and needs."
Salesman60,User60,2024-06-12 14:55:00,Hello! I noticed you were browsing our sports equipment. Are you an athlete or a fitness enthusiast?
User60,User60,2024-06-12 14:56:00,"Hi! Yes, I'm passionate about sports and fitness. What sports equipment do you recommend?"
Salesman60,User60,2024-06-12 14:57:00,"We offer a range of sports equipment including gym gear, athletic apparel, and accessories for various sports activities. Our products are designed for performance, comfort, and durability."
User60,User60,2024-06-12 14:58:00,That's fantastic. Do you provide fitness consultations or training programs?
Salesman60,User60,2024-06-12 14:59:00,"Yes, we provide fitness consultations and offer training programs conducted by certified trainers to help you achieve your fitness goals."
Salesman61,User61,2024-06-12 15:00:00,Hello! I noticed you were exploring our home decor items. Are you redecorating your living space?
User61,User61,2024-06-12 15:01:00,"Hi! Yes, I'm looking to refresh my home decor. What home decor items do you have?"
Salesman61,User61,2024-06-12 15:02:00,"We have a wide selection of home decor items including wall art, decorative accents, and furniture pieces. Our decor items range from modern to classic styles to suit different tastes."
User61,User61,2024-06-12 15:03:00,That's wonderful. Do you offer interior design consultations or decorating tips?
Salesman61,User61,2024-06-12 15:04:00,"Yes, we offer interior design consultations and provide decorating tips to help you transform your space into a stylish and inviting home."
Salesman62,User62,2024-06-12 15:05:00,Hello! I noticed you were browsing our travel accessories. Are you planning a vacation or a business trip?
User62,User62,2024-06-12 15:06:00,"Hi! Yes, I'm planning a trip and need travel accessories. What travel accessories do you recommend?"
Salesman62,User62,2024-06-12 15:07:00,"We offer a range of travel accessories including luggage, travel organizers, and travel gadgets for convenient and enjoyable travel experiences. Our accessories are practical, durable, and travel-friendly."
User62,User62,2024-06-12 15:08:00,That's helpful. Do you provide travel packing guides or destination recommendations?
Salesman62,User62,2024-06-12 15:09:00,"Yes, we provide travel packing guides and offer destination recommendations to help you plan and pack for your upcoming adventures."
Salesman63,User63,2024-06-12 15:10:00,Hello! I noticed you were exploring our gourmet food selection. Are you a food enthusiast or looking for gourmet gifts?
User63,User63,2024-06-12 15:11:00,"Hi! Yes, I love gourmet food and unique culinary experiences. What gourmet food items do you have?"
Salesman63,User63,2024-06-12 15:12:00,"We offer a variety of gourmet food items including artisanal cheeses, gourmet chocolates, and specialty sauces. Our gourmet selections are curated for quality and exquisite flavors."
User63,User63,2024-06-12 15:13:00,That's tempting. Do you provide gourmet food tastings or culinary events?
Salesman63,User63,2024-06-12 15:14:00,"Yes, we provide gourmet food tastings and host culinary events where you can savor delicious dishes and discover new flavors."
Salesman64,User64,2024-06-12 15:15:00,Hello! I noticed you were browsing our fashion accessories. Are you looking for stylish additions to your wardrobe?
User64,User64,2024-06-12 15:16:00,"Hi! Yes, I'm interested in fashion accessories to elevate my outfits. What fashion accessories do you recommend?"
Salesman64,User64,2024-06-12 15:17:00,"We have a collection of fashion accessories including jewelry, handbags, and scarves that can enhance your style and make a statement. Our accessories range from casual to elegant designs."
User64,User64,2024-06-12 15:18:00,That's exciting. Do you offer style consultations or fashion trend updates?
Salesman64,User64,2024-06-12 15:19:00,"Yes, we provide style consultations and offer updates on the latest fashion trends to help you create fashionable looks."
Salesman65,User65,2024-06-12 15:20:00,Hello! I noticed you were exploring our baby products. Are you expecting or shopping for baby essentials?
User65,User65,2024-06-12 15:21:00,"Hi! Yes, I'm expecting a baby and need baby products. What baby essentials do you have?"
Salesman65,User65,2024-06-12 15:22:00,"We offer a range of baby products including strollers, car seats, and nursery furniture designed for safety, comfort, and convenience. Our baby products are from trusted brands known for quality and reliability."
User65,User65,2024-06-12 15:23:00,That's reassuring. Do you provide parenting tips or baby care workshops?
Salesman65,User65,2024-06-12 15:24:00,"Yes, we provide parenting tips and offer baby care workshops conducted by childcare experts to help parents navigate the joys and challenges of parenting."
Salesman66,User66,2024-06-12 15:25:00,Hello! I noticed you were browsing our electronic gadgets. Are you looking for the latest tech innovations?
User66,User66,2024-06-12 15:26:00,"Hi! Yes, I'm interested in electronic gadgets and tech accessories. What tech gadgets do you recommend?"
Salesman66,User66,2024-06-12 15:27:00,"We have the latest electronic gadgets including smartphones, tablets, and smart home devices that offer cutting-edge features and functionalities. Our gadgets are from leading brands known for innovation and performance."
User66,User66,2024-06-12 15:28:00,That's impressive. Do you offer tech tutorials or gadget demonstrations?
Salesman66,User66,2024-06-12 15:29:00,"Yes, we provide tech tutorials and offer gadget demonstrations to help you explore and maximize the capabilities of your electronic devices."
Salesman67,User67,2024-06-12 15:30:00,Hello! I noticed you were exploring our home improvement tools. Are you planning a DIY project or home renovation?
User67,User67,2024-06-12 15:31:00,"Hi! Yes, I'm planning a DIY project and need home improvement tools. What tools and supplies do you recommend?"
Salesman67,User67,2024-06-12 15:32:00,"We offer a range of home improvement tools including power tools, hand tools, and building materials for various DIY projects and home renovations. Our tools are durable, efficient, and suitable for DIY enthusiasts and professionals."
User67,User67,2024-06-12 15:33:00,That's helpful. Do you provide DIY guides or project consultations?
Salesman67,User67,2024-06-12 15:34:00,"Yes, we provide DIY guides and offer project consultations to assist you in planning and executing your DIY projects with success."
Salesman68,User68,2024-06-12 15:35:00,Hello! I noticed you were browsing our educational toys. Are you shopping for educational resources for children?
User68,User68,2024-06-12 15:36:00,"Hi! Yes, I'm looking for educational toys and learning materials. What educational toys do you have?"
Salesman68,User68,2024-06-12 15:37:00,"We have a range of educational toys including STEM kits, puzzles, and interactive games that promote learning and creativity in children. Our toys are designed to engage young minds and foster skill development."
User68,User68,2024-06-12 15:38:00,That's fantastic. Do you provide learning resources or educational workshops?
Salesman68,User68,2024-06-12 15:39:00,"Yes, we provide learning resources and educational workshops for parents and educators to support children's learning and development."
Salesman69,User69,2024-06-12 15:40:00,Hello! I noticed you were exploring our outdoor camping gear. Are you planning an outdoor adventure?
User69,User69,2024-06-12 15:41:00,"Hi! Yes, I'm planning a camping trip. What camping gear do you recommend?"
Salesman69,User69,2024-06-12 15:42:00,"We offer a variety of camping gear including tents, sleeping bags, and camping stoves for a comfortable and enjoyable outdoor experience."
User69,User69,2024-06-12 15:43:00,That's great. Do you provide camping tips or outdoor adventure guides?
Salesman69,User69,2024-06-12 15:44:00,"Yes, we provide camping tips and outdoor adventure guides to help you plan and prepare for your camping trips."
Salesman70,User70,2024-06-12 15:45:00,Hello! I noticed you were browsing our musical instruments. Are you a musician or learning to play an instrument?
User70,User70,2024-06-12 15:46:00,"Hi! Yes, I'm a musician and looking for musical instruments. What instruments do you recommend?"
Salesman70,User70,2024-06-12 15:47:00,"We have a wide selection of musical instruments including guitars, keyboards, and drums for musicians of all levels. Our instruments are crafted for quality sound and performance."
User70,User70,2024-06-12 15:48:00,That's fantastic. Do you offer music lessons or instrument tutorials?
Salesman70,User70,2024-06-12 15:49:00,"Yes, we offer music lessons and instrument tutorials conducted by experienced musicians to help you improve your musical skills."
Salesman71,User71,2024-06-12 15:50:00,Hello! I noticed you were exploring our office supplies. Are you setting up a home office or organizing your workspace?
User71,User71,2024-06-12 15:51:00,"Hi! Yes, I'm setting up a home office and need office supplies. What supplies do you recommend?"
Salesman71,User71,2024-06-12 15:52:00,"We offer a range of office supplies including desks, chairs, and stationery items for a productive and organized workspace."
User71,User71,2024-06-12 15:53:00,That's helpful. Do you provide office organization tips or productivity workshops?
Salesman71,User71,2024-06-12 15:54:00,"Yes, we provide office organization tips and productivity workshops to help you create an efficient and ergonomic work environment."
Salesman72,User72,2024-06-12 15:55:00,Hello! I noticed you were browsing our car accessories. Are you looking to upgrade your vehicle?
User72,User72,2024-06-12 15:56:00,"Hi! Yes, I'm interested in car accessories. What accessories do you recommend for my car?"
Salesman72,User72,2024-06-12 15:57:00,"We offer a variety of car accessories including seat covers, floor mats, and tech gadgets to enhance your driving experience and personalize your vehicle."
User72,User72,2024-06-12 15:58:00,That's great. Do you provide car maintenance tips or installation services?
Salesman72,User72,2024-06-12 15:59:00,"Yes, we provide car maintenance tips and offer installation services to ensure your accessories are properly installed and functioning."
Salesman73,User73,2024-06-12 16:00:00,Hello! I noticed you were exploring our home entertainment systems. Are you planning to enhance your entertainment setup?
User73,User73,2024-06-12 16:01:00,"Hi! Yes, I'm looking to create an immersive home entertainment experience. What systems do you recommend?"
Salesman73,User73,2024-06-12 16:02:00,"We have home entertainment systems including soundbars, projectors, and gaming consoles for an immersive audiovisual experience at home."
User73,User73,2024-06-12 16:03:00,That sounds amazing. Do you offer home theater setup services or gaming tournaments?
Salesman73,User73,2024-06-12 16:04:00,"Yes, we offer home theater setup services and host gaming tournaments to bring entertainment to the next level."
Salesman74,User74,2024-06-12 16:05:00,Hello! I noticed you were browsing our jewelry collection. Are you looking for elegant accessories or special gifts?
User74,User74,2024-06-12 16:06:00,"Hi! Yes, I'm interested in jewelry for special occasions. What jewelry pieces do you recommend?"
Salesman74,User74,2024-06-12 16:07:00,"We have a stunning collection of jewelry including necklaces, earrings, and bracelets crafted with exquisite designs and quality materials."
User74,User74,2024-06-12 16:08:00,That's wonderful. Do you offer jewelry customization or engraving services?
Salesman74,User74,2024-06-12 16:09:00,"Yes, we offer jewelry customization and engraving services to create personalized pieces for memorable moments."
Salesman75,User75,2024-06-12 16:10:00,Hello! I noticed you were exploring our luxury watches. Are you a watch enthusiast or looking for a timeless accessory?
User75,User75,2024-06-12 16:11:00,"Hi! Yes, I love collecting watches. What luxury watches do you have in your collection?"
Salesman75,User75,2024-06-12 16:12:00,"We offer a curated selection of luxury watches from renowned brands known for craftsmanship, precision, and style."
User75,User75,2024-06-12 16:13:00,That's impressive. Do you provide watch maintenance services or watch care guides?
Salesman75,User75,2024-06-12 16:14:00,"Yes, we provide watch maintenance services and offer watch care guides to ensure your timepieces remain in top condition."
Salesman76,User76,2024-06-12 16:15:00,Hello! I noticed you were browsing our home automation devices. Are you interested in smart home technology?
User76,User76,2024-06-12 16:16:00,"Hi! Yes, I'm interested in making my home smarter. What home automation devices do you recommend?"
Salesman76,User76,2024-06-12 16:17:00,"We have a range of home automation devices including smart thermostats, lighting systems, and security cameras for convenience, energy efficiency, and security."
User76,User76,2024-06-12 16:18:00,That's helpful. Do you provide home automation setup services or tech support?
Salesman76,User76,2024-06-12 16:19:00,"Yes, we provide home automation setup services and offer tech support to ensure your smart home functions seamlessly."
Salesman77,User77,2024-06-12 16:20:00,Hello! I noticed you were exploring our eco-friendly products. Are you passionate about sustainability?
User77,User77,2024-06-12 16:21:00,"Hi! Yes, I'm interested in eco-friendly products. What sustainable options do you offer?"
Salesman77,User77,2024-06-12 16:22:00,"We offer a variety of eco-friendly products including reusable bags, solar chargers, and biodegradable cleaning supplies to reduce environmental impact."
User77,User77,2024-06-12 16:23:00,That's great. Do you provide eco-friendly lifestyle tips or sustainability workshops?
Salesman77,User77,2024-06-12 16:24:00,"Yes, we provide eco-friendly lifestyle tips and host sustainability workshops to promote environmental consciousness."
Salesman78,User78,2024-06-12 16:25:00,Hello! I noticed you were browsing our health and fitness supplements. Are you focused on wellness and fitness goals?
User78,User78,2024-06-12 16:26:00,"Hi! Yes, I'm looking for health and fitness supplements. What supplements do you recommend?"
Salesman78,User78,2024-06-12 16:27:00,"We offer a range of health and fitness supplements including vitamins, protein powders, and dietary supplements to support your wellness journey."
User78,User78,2024-06-12 16:28:00,That's reassuring. Do you provide nutritional advice or fitness consultations?
Salesman78,User78,2024-06-12 16:29:00,"Yes, we provide nutritional advice and offer fitness consultations to help you achieve your health and fitness goals."
Salesman79,User79,2024-06-12 16:30:00,Hello! I noticed you were exploring our outdoor adventure gear. Are you planning a wilderness expedition?
User79,User79,2024-06-12 16:31:00,"Hi! Yes, I'm planning an outdoor adventure. What gear do you recommend for rugged terrain?"
Salesman79,User79,2024-06-12 16:32:00,"We offer a range of outdoor adventure gear including hiking boots, backpacks, and camping essentials designed for durability and performance in challenging environments."
User79,User79,2024-06-12 16:33:00,That's great. Do you provide outdoor survival tips or wilderness training?
Salesman79,User79,2024-06-12 16:34:00,"Yes, we provide outdoor survival tips and offer wilderness training programs to help you navigate and enjoy outdoor adventures safely."
Salesman80,User80,2024-06-12 16:35:00,Hello! I noticed you were browsing our fine wines. Are you a wine connoisseur or looking for special vintages?
User80,User80,2024-06-12 16:36:00,"Hi! Yes, I appreciate fine wines. What wines do you recommend for special occasions?"
Salesman80,User80,2024-06-12 16:37:00,"We have a curated selection of fine wines including reds, whites, and sparkling wines from renowned vineyards and regions."
User80,User80,2024-06-12 16:38:00,That's wonderful. Do you offer wine tasting events or sommelier recommendations?
Salesman80,User80,2024-06-12 16:39:00,"Yes, we offer wine tasting events and provide sommelier recommendations to enhance your wine tasting experiences."
Salesman81,User81,2024-06-12 16:40:00,Hello! I noticed you were exploring our tech accessories. Are you a gadget enthusiast or looking for tech gifts?
User81,User81,2024-06-12 16:41:00,"Hi! Yes, I love tech gadgets. What accessories do you recommend for smartphones and laptops?"
Salesman81,User81,2024-06-12 16:42:00,"We have a variety of tech accessories including phone cases, chargers, and laptop sleeves for style, protection, and functionality."
User81,User81,2024-06-12 16:43:00,That's helpful. Do you provide tech accessory guides or product demonstrations?
Salesman81,User81,2024-06-12 16:44:00,"Yes, we provide tech accessory guides and offer product demonstrations to showcase the features and benefits of our tech accessories."
Salesman82,User82,2024-06-12 16:45:00,Hello! I noticed you were browsing our luxury handbags. Are you a fashion enthusiast or looking for designer accessories?
User82,User82,2024-06-12 16:46:00,"Hi! Yes, I'm interested in luxury handbags. What designer brands do you carry?"
Salesman82,User82,2024-06-12 16:47:00,"We carry luxury handbags from top designer brands known for craftsmanship, quality, and iconic designs."
User82,User82,2024-06-12 16:48:00,That's impressive. Do you offer handbag styling consultations or fashion events?
Salesman82,User82,2024-06-12 16:49:00,"Yes, we offer handbag styling consultations and host fashion events to showcase the latest trends in luxury accessories."
Salesman83,User83,2024-06-12 16:50:00,Hello! I noticed you were exploring our gourmet coffee selection. Are you a coffee aficionado or exploring new blends?
User83,User83,2024-06-12 16:51:00,"Hi! Yes, I love gourmet coffee. What coffee blends and roasts do you recommend?"
Salesman83,User83,2024-06-12 16:52:00,"We offer a range of gourmet coffee blends including single-origin, espresso, and flavored coffees sourced from premium beans for rich flavors and aromas."
User83,User83,2024-06-12 16:53:00,That's tempting. Do you provide coffee brewing tips or barista workshops?
Salesman83,User83,2024-06-12 16:54:00,"Yes, we provide coffee brewing tips and offer barista workshops to help you brew the perfect cup of coffee at home."
Salesman84,User84,2024-06-12 16:55:00,Hello! I noticed you were browsing our luxury skincare products. Are you focused on skincare and beauty routines?
User84,User84,2024-06-12 16:56:00,"Hi! Yes, I'm interested in luxury skincare. What skincare brands and products do you carry?"
Salesman84,User84,2024-06-12 16:57:00,"We carry luxury skincare brands known for innovative formulas, natural ingredients, and effective results in skincare and beauty routines."
User84,User84,2024-06-12 16:58:00,That's reassuring. Do you provide skincare consultations or beauty masterclasses?
Salesman84,User84,2024-06-12 16:59:00,"Yes, we provide skincare consultations and offer beauty masterclasses conducted by skincare experts to address your skincare concerns and enhance your beauty regimen."
Salesman85,User85,2024-06-12 17:00:00,Hello! I noticed you were exploring our fitness apparel. Are you committed to an active lifestyle?
User85,User85,2024-06-12 17:01:00,"Hi! Yes, I prioritize fitness and need quality activewear. What fitness apparel do you recommend?"
Salesman85,User85,2024-06-12 17:02:00,"We offer a range of fitness apparel including workout tops, leggings, and athletic shoes designed for performance, comfort, and style."
User85,User85,2024-06-12 17:03:00,That's great. Do you provide fitness fashion tips or workout outfit styling?
Salesman85,User85,2024-06-12 17:04:00,"Yes, we provide fitness fashion tips and offer workout outfit styling to help you look and feel your best during workouts and activities."
Salesman86,User86,2024-06-12 17:05:00,Hello! I noticed you were browsing our home decor accents. Are you redecorating or adding finishing touches to your space?
User86,User86,2024-06-12 17:06:00,"Hi! Yes, I'm looking for home decor accents. What decorative items and accents do you have?"
Salesman86,User86,2024-06-12 17:07:00,"We have a collection of home decor accents including art prints, decorative pillows, and vases to complement your interior design style."
User86,User86,2024-06-12 17:08:00,That's wonderful. Do you provide interior decor consultations or home styling services?
Salesman86,User86,2024-06-12 17:09:00,"Yes, we provide interior decor consultations and offer home styling services to bring your design vision to life."
Salesman87,User87,2024-06-12 17:10:00,Hello! I noticed you were exploring our pet supplies. Are you a pet parent or shopping for furry friends?
User87,User87,2024-06-12 17:11:00,"Hi! Yes, I have pets and need pet supplies. What pet products do you recommend?"
Salesman87,User87,2024-06-12 17:12:00,"We offer a variety of pet products including food, toys, and grooming supplies for dogs, cats, and other pets."
User87,User87,2024-06-12 17:13:00,That's helpful. Do you provide pet care tips or veterinary consultations?
Salesman87,User87,2024-06-12 17:14:00,"Yes, we provide pet care tips and offer veterinary consultations to help you care for your pets' health and well-being."
Salesman88,User88,2024-06-12 17:15:00,Hello! I noticed you were browsing our vintage collectibles. Are you a collector or searching for unique treasures?
User88,User88,2024-06-12 17:16:00,"Hi! Yes, I collect vintage items. What vintage collectibles do you have in your collection?"
Salesman88,User88,2024-06-12 17:17:00,"We have a range of vintage collectibles including rare books, antique furniture, and vintage memorabilia from different eras and genres."
User88,User88,2024-06-12 17:18:00,That's impressive. Do you offer appraisals or authentication services for vintage items?
Salesman88,User88,2024-06-12 17:19:00,"Yes, we offer appraisals and authentication services to help you assess the value and authenticity of vintage collectibles."
Salesman89,User89,2024-06-12 17:20:00,Hello! I noticed you were exploring our home improvement tools. Are you planning a DIY project?
User89,User89,2024-06-12 17:21:00,"Hi! Yes, I'm planning a home renovation project. What tools and supplies do you recommend?"
Salesman89,User89,2024-06-12 17:22:00,"We offer a range of home improvement tools including power drills, saws, and paint supplies for tackling various projects with ease."
User89,User89,2024-06-12 17:23:00,That's great. Do you provide DIY project guides or tool rental services?
Salesman89,User89,2024-06-12 17:24:00,"Yes, we provide DIY project guides and offer tool rental services to help you complete your home improvement tasks efficiently."
Salesman90,User90,2024-06-12 17:25:00,Hello! I noticed you were browsing our gourmet food selection. Are you a food enthusiast or looking for gourmet gifts?
User90,User90,2024-06-12 17:26:00,"Hi! Yes, I love gourmet food. What gourmet foods and delicacies do you recommend?"
Salesman90,User90,2024-06-12 17:27:00,"We offer a variety of gourmet foods including artisanal cheeses, imported chocolates, and specialty spices for culinary delights."
User90,User90,2024-06-12 17:28:00,That's tempting. Do you provide gourmet cooking classes or food tasting events?
Salesman90,User90,2024-06-12 17:29:00,"Yes, we provide gourmet cooking classes and host food tasting events to explore the flavors and techniques of gourmet cuisine."
Salesman91,User91,2024-06-12 17:30:00,Hello! I noticed you were exploring our travel accessories. Are you planning a vacation or adventure?
User91,User91,2024-06-12 17:31:00,"Hi! Yes, I'm planning a trip. What travel accessories and gear do you recommend?"
Salesman91,User91,2024-06-12 17:32:00,"We have a range of travel accessories including luggage, travel pillows, and portable chargers for convenience and comfort during your travels."
User91,User91,2024-06-12 17:33:00,That's helpful. Do you provide travel packing tips or destination guides?
Salesman91,User91,2024-06-12 17:34:00,"Yes, we provide travel packing tips and offer destination guides to help you plan and enjoy your travel experiences."
Salesman92,User92,2024-06-12 17:35:00,Hello! I noticed you were browsing our gardening books. Are you an avid gardener or looking to start a garden?
User92,User92,2024-06-12 17:36:00,"Hi! Yes, I'm passionate about gardening. What gardening books and resources do you recommend?"
Salesman92,User92,2024-06-12 17:37:00,"We have a collection of gardening books including plant guides, landscaping manuals, and organic gardening tips for green thumbs."
User92,User92,2024-06-12 17:38:00,That's wonderful. Do you provide gardening workshops or expert consultations?
Salesman92,User92,2024-06-12 17:39:00,"Yes, we provide gardening workshops and offer expert consultations to guide you in creating and maintaining a beautiful garden."
Salesman93,User93,2024-06-12 17:40:00,Hello! I noticed you were exploring our fitness trackers. Are you focused on health and fitness goals?
User93,User93,2024-06-12 17:41:00,"Hi! Yes, I'm into fitness tracking. What fitness trackers and wearable tech do you recommend?"
Salesman93,User93,2024-06-12 17:42:00,"We offer a range of fitness trackers including heart rate monitors, activity trackers, and smartwatches to monitor and enhance your fitness journey."
User93,User93,2024-06-12 17:43:00,That's great. Do you provide fitness tracking tips or personalized training programs?
Salesman93,User93,2024-06-12 17:44:00,"Yes, we provide fitness tracking tips and offer personalized training programs to help you achieve your fitness goals."
Salesman94,User94,2024-06-12 17:45:00,Hello! I noticed you were browsing our educational toys. Are you shopping for kids or educational purposes?
User94,User94,2024-06-12 17:46:00,"Hi! Yes, I'm looking for educational toys. What educational toys and learning games do you recommend?"
Salesman94,User94,2024-06-12 17:47:00,"We have a variety of educational toys including STEM kits, puzzles, and interactive books to promote learning and creativity in children."
User94,User94,2024-06-12 17:48:00,That's helpful. Do you provide parenting tips or educational workshops?
Salesman94,User94,2024-06-12 17:49:00,"Yes, we provide parenting tips and offer educational workshops to support children's learning and development."
Salesman95,User95,2024-06-12 17:50:00,Hello! I noticed you were exploring our luxury spa products. Are you focused on relaxation and self-care?
User95,User95,2024-06-12 17:51:00,"Hi! Yes, I'm interested in luxury spa products. What spa products and relaxation essentials do you recommend?"
Salesman95,User95,2024-06-12 17:52:00,"We offer a range of luxury spa products including bath salts, aromatherapy candles, and massage oils for a rejuvenating spa experience at home."
User95,User95,2024-06-12 17:53:00,That's soothing. Do you provide spa relaxation tips or wellness retreats?
Salesman95,User95,2024-06-12 17:54:00,"Yes, we provide spa relaxation tips and offer wellness retreats to promote relaxation and well-being."
Salesman96,User96,2024-06-12 17:55:00,Hello! I noticed you were browsing our gaming accessories. Are you a gamer or looking for gaming gear?
User96,User96,2024-06-12 17:56:00,"Hi! Yes, I'm a gamer and need gaming accessories. What gaming accessories and peripherals do you recommend?"
Salesman96,User96,2024-06-12 17:57:00,"We have a range of gaming accessories including gaming mice, keyboards, and headsets for immersive gaming experiences."
User96,User96,2024-06-12 17:58:00,That's exciting. Do you provide gaming tips or host gaming tournaments?
Salesman96,User96,2024-06-12 17:59:00,"Yes, we provide gaming tips and host gaming tournaments to engage gamers and showcase the latest gaming technology."
Salesman97,User97,2024-06-12 18:00:00,Hello! I noticed you were exploring our artisan crafts collection. Are you a fan of handmade crafts or looking for unique gifts?
User97,User97,2024-06-12 18:01:00,"Hi! Yes, I love artisan crafts. What artisan crafts and handmade goods do you offer?"
Salesman97,User97,2024-06-12 18:02:00,"We offer a variety of artisan crafts including pottery, jewelry, and textiles crafted by skilled artisans for unique and meaningful gifts."
User97,User97,2024-06-12 18:03:00,That's impressive. Do you provide artisan crafting workshops or support local artisans?
Salesman97,User97,2024-06-12 18:04:00,"Yes, we provide artisan crafting workshops and support local artisans to promote craftsmanship and creativity."
Salesman98,User98,2024-06-12 18:05:00,Hello! I noticed you were browsing our home security cameras. Are you focused on enhancing home security?
User98,User98,2024-06-12 18:06:00,"Hi! Yes, I'm interested in home security cameras. What security camera systems and surveillance options do you recommend?"
Salesman98,User98,2024-06-12 18:07:00,"We offer a range of home security cameras including indoor/outdoor cameras, video doorbells, and smart surveillance systems for comprehensive home security."
User98,User98,2024-06-12 18:08:00,That's reassuring. Do you provide home security assessments or professional installation services?
Salesman98,User98,2024-06-12 18:09:00,"Yes, we provide home security assessments and offer professional installation services to ensure your home is protected."
Salesman99,User99,2024-06-12 18:10:00,Hello! I noticed you were exploring our home office furniture. Are you setting up a productive workspace?
User99,User99,2024-06-12 18:11:00,"Hi! Yes, I'm creating a home office. What home office furniture and ergonomic solutions do you recommend?"
Salesman99,User99,2024-06-12 18:12:00,"We offer a range of home office furniture including desks, chairs, and storage solutions designed for comfort and functionality."
User99,User99,2024-06-12 18:13:00,That's great. Do you provide office space planning or ergonomic consultations?
Salesman99,User99,2024-06-12 18:14:00,"Yes, we provide office space planning services and offer ergonomic consultations to optimize your home office setup."
Salesman100,User100,2024-06-12 18:15:00,Hello! I noticed you were browsing our music instruments. Are you a musician or learning to play an instrument?
User100,User100,2024-06-12 18:16:00,"Hi! Yes, I'm interested in music instruments. What musical instruments and accessories do you recommend for beginners?"
Salesman100,User100,2024-06-12 18:17:00,"We have a variety of musical instruments including guitars, keyboards, and drum sets suitable for beginners and aspiring musicians."
User100,User100,2024-06-12 18:18:00,That's exciting. Do you provide music lessons or instrument tuning services?
Salesman100,User100,2024-06-12 18:19:00,"Yes, we provide music lessons and offer instrument tuning services to help you start your musical journey."
Salesman101,User101,2024-06-12 18:20:00,Hello! I noticed you were exploring our fashion apparel. Are you updating your wardrobe or shopping for a special occasion?
User101,User101,2024-06-12 18:21:00,"Hi! Yes, I'm looking for fashion apparel. What fashion trends and clothing styles do you recommend?"
Salesman101,User101,2024-06-12 18:22:00,"We offer a range of fashion apparel including casual wear, formal attire, and trendy outfits for every occasion and style preference."
User101,User101,2024-06-12 18:23:00,That's helpful. Do you provide personal styling services or fashion consultations?
Salesman101,User101,2024-06-12 18:24:00,"Yes, we provide personal styling services and offer fashion consultations to help you find the perfect look."
Salesman102,User102,2024-06-12 18:25:00,Hello! I noticed you were browsing our home entertainment systems. Are you creating an entertainment hub at home?
User102,User102,2024-06-12 18:26:00,"Hi! Yes, I'm interested in home entertainment systems. What entertainment systems and audiovisual solutions do you recommend?"
Salesman102,User102,2024-06-12 18:27:00,"We have a range of home entertainment systems including soundbars, projectors, and gaming consoles for immersive entertainment experiences."
User102,User102,2024-06-12 18:28:00,That's amazing. Do you provide home theater installation or audio calibration services?
Salesman102,User102,2024-06-12 18:29:00,"Yes, we provide home theater installation services and offer audio calibration to enhance your entertainment setup."
Salesman103,User103,2024-06-12 18:30:00,Hello! I noticed you were exploring our luxury watches. Are you a watch enthusiast or looking for a timeless timepiece?
User103,User103,2024-06-12 18:31:00,"Hi! Yes, I love luxury watches. What watch brands and styles do you recommend for elegance and precision?"
Salesman103,User103,2024-06-12 18:32:00,"We offer a collection of luxury watches including Swiss-made timepieces, chronographs, and automatic watches for discerning watch enthusiasts."
User103,User103,2024-06-12 18:33:00,That's impressive. Do you provide watch maintenance or servicing?
Salesman103,User103,2024-06-12 18:34:00,"Yes, we provide watch maintenance and servicing to ensure your luxury timepiece remains in top condition."
Salesman104,User104,2024-06-12 18:35:00,Hello! I noticed you were exploring our outdoor grilling equipment. Are you a barbecue enthusiast or planning outdoor gatherings?
User104,User104,2024-06-12 18:36:00,"Hi! Yes, I love outdoor grilling. What grilling equipment and accessories do you recommend for backyard barbecues?"
Salesman104,User104,2024-06-12 18:37:00,"We have a variety of outdoor grilling equipment including grills, smokers, and BBQ tools for delicious outdoor cooking experiences."
User104,User104,2024-06-12 18:38:00,That's tempting. Do you provide grilling recipes or outdoor cooking classes?
Salesman104,User104,2024-06-12 18:39:00,"Yes, we provide grilling recipes and offer outdoor cooking classes to elevate your barbecue skills."
Salesman105,User105,2024-06-12 18:40:00,Hello! I noticed you were browsing our baby care products. Are you a new parent or shopping for baby essentials?
User105,User105,2024-06-12 18:41:00,"Hi! Yes, I'm a new parent. What baby care products and nursery essentials do you recommend?"
Salesman105,User105,2024-06-12 18:42:00,"We offer a range of baby care products including diapers, baby wipes, and nursery furniture for your baby's comfort and well-being."
User105,User105,2024-06-12 18:43:00,That's reassuring. Do you provide parenting tips or newborn care workshops?
Salesman105,User105,2024-06-12 18:44:00,"Yes, we provide parenting tips and offer newborn care workshops to support you on your parenting journey."
Salesman106,User106,2024-06-12 18:45:00,Hello! I noticed you were exploring our outdoor sports gear. Are you an outdoor enthusiast or looking for sports equipment?
User106,User106,2024-06-12 18:46:00,"Hi! Yes, I enjoy outdoor sports. What outdoor sports gear and performance apparel do you recommend?"
Salesman106,User106,2024-06-12 18:47:00,"We have a variety of outdoor sports gear including hiking gear, camping equipment, and athletic wear for outdoor adventures."
User106,User106,2024-06-12 18:48:00,That's great. Do you provide outdoor sports training or adventure trip planning?
Salesman106,User106,2024-06-12 18:49:00,"Yes, we provide outdoor sports training and offer adventure trip planning services to help you enjoy outdoor activities."
Salesman107,User107,2024-06-12 18:50:00,Hello! I noticed you were browsing our luxury bedding sets. Are you focused on enhancing bedroom comfort?
User107,User107,2024-06-12 18:51:00,"Hi! Yes, I'm interested in luxury bedding. What bedding sets and bedroom accessories do you recommend for relaxation?"
Salesman107,User107,2024-06-12 18:52:00,"We offer a range of luxury bedding sets including Egyptian cotton sheets, duvet covers, and pillows for a luxurious bedroom experience."
User107,User107,2024-06-12 18:53:00,That's soothing. Do you provide bedding care tips or bedroom design consultations?
Salesman107,User107,2024-06-12 18:54:00,"Yes, we provide bedding care tips and offer bedroom design consultations to create a cozy and stylish bedroom."
Salesman108,User108,2024-06-12 18:55:00,Hello! I noticed you were exploring our financial services. Are you seeking financial advice or planning for the future?
User108,User108,2024-06-12 18:56:00,"Hi! Yes, I need financial services. What financial planning solutions and investment options do you recommend?"
Salesman108,User108,2024-06-12 18:57:00,"We offer a range of financial services including investment planning, retirement planning, and wealth management to help you achieve your financial goals."
User108,User108,2024-06-12 18:58:00,That's helpful. Do you provide financial consultations or portfolio reviews?
Salesman108,User108,2024-06-12 18:59:00,"Yes, we provide financial consultations and offer portfolio reviews to customize strategies for your financial success."
